DATE,AMERIBOR
2019-11-14,1.61222668
2019-11-15,1.6060900500000002
2019-11-16,1.6060900500000002
2019-11-17,1.6060900500000002
2019-11-18,1.6105494500000002
2019-11-19,1.61464362
2019-11-20,1.6106486
2019-11-21,1.61070849
2019-11-22,1.60704388
2019-11-23,1.60704388
2019-11-24,1.60704388
2019-11-25,1.6060735400000001
2019-11-26,1.60543711
2019-11-27,1.6061770800000001
2019-11-28,1.6061770800000001
2019-11-29,1.60908385
2019-11-30,1.60908385
2019-12-01,1.60908385
2019-12-02,1.6006841
2019-12-03,1.60223933
2019-12-04,1.6045801800000001
2019-12-05,1.59924025
2019-12-06,1.59629545
2019-12-07,1.59629545
2019-12-08,1.59629545
2019-12-09,1.58847877
2019-12-10,1.5863453600000001
2019-12-11,1.59327146
2019-12-12,1.58712434
2019-12-13,1.59091106
2019-12-14,1.59091106
2019-12-15,1.59091106
2019-12-16,1.58592401
2019-12-17,1.5840772300000001
2019-12-18,1.59020063
2019-12-19,1.59096689
2019-12-20,1.5938963099999999
2019-12-21,1.5938963099999999
2019-12-22,1.5938963099999999
2019-12-23,1.6023734200000002
2019-12-24,1.5976056299999999
2019-12-25,1.5976056299999999
2019-12-26,1.60334211
2019-12-27,1.60083899
2019-12-28,1.60083899
2019-12-29,1.60083899
2019-12-30,1.60260422
2019-12-31,1.6046666699999999
2020-01-01,1.6046666699999999
2020-01-02,1.6034512699999999
2020-01-03,1.5994922900000001
2020-01-04,1.5994922900000001
2020-01-05,1.5994922900000001
2020-01-06,1.59994121
2020-01-07,1.59770208
2020-01-08,1.5866181799999999
2020-01-09,1.58861092
2020-01-10,1.58425806
2020-01-11,1.58425806
2020-01-12,1.58425806
2020-01-13,1.58998729
2020-01-14,1.58660692
2020-01-15,1.59255853
2020-01-16,1.5944467599999999
2020-01-17,1.59669048
2020-01-18,1.59669048
2020-01-19,1.59669048
2020-01-20,1.59669048
2020-01-21,1.59640496
2020-01-22,1.60114719
2020-01-23,1.6020696700000001
2020-01-24,1.60871762
2020-01-25,1.60871762
2020-01-26,1.60871762
2020-01-27,1.60786967
2020-01-28,1.60865443
2020-01-29,1.60927941
2020-01-30,1.65318538
2020-01-31,1.65636706
2020-02-01,1.65636706
2020-02-02,1.65636706
2020-02-03,1.6472014
2020-02-04,1.64165049
2020-02-05,1.62845912
2020-02-06,1.63541819
2020-02-07,1.6255814
2020-02-08,1.6255814
2020-02-09,1.6255814
2020-02-10,1.63266183
2020-02-11,1.63164204
2020-02-12,1.6304909200000002
2020-02-13,1.62642281
2020-02-14,1.62301934
2020-02-15,1.62301934
2020-02-16,1.62301934
2020-02-17,1.62301934
2020-02-18,1.63215416
2020-02-19,1.6330783100000001
2020-02-20,1.63046296
2020-02-21,1.63182621
2020-02-22,1.63182621
2020-02-23,1.63182621
2020-02-24,1.63148738
2020-02-25,1.62854639
2020-02-26,1.6241207100000001
2020-02-27,1.6259884
2020-02-28,1.61931559
2020-02-29,1.61931559
2020-03-01,1.61931559
2020-03-02,1.6161073799999999
2020-03-03,1.60586881
2020-03-04,1.12239651
2020-03-05,1.12018166
2020-03-06,1.10666039
2020-03-07,1.10666039
2020-03-08,1.10666039
2020-03-09,1.11694878
2020-03-10,1.11526858
2020-03-11,1.11229426
2020-03-12,1.1155411100000001
2020-03-13,1.11291902
2020-03-14,1.11291902
2020-03-15,1.11291902
2020-03-16,0.23397727000000001
2020-03-17,0.28302000000000005
2020-03-18,0.25117258
2020-03-19,0.25547524
2020-03-20,0.24152672
2020-03-21,0.24152672
2020-03-22,0.24152672
2020-03-23,0.25183219
2020-03-24,0.23754352
2020-03-25,0.22356863000000002
2020-03-26,0.19820169999999998
2020-03-27,0.15762013
2020-03-28,0.15762013
2020-03-29,0.15762013
2020-03-30,0.15662769999999998
2020-03-31,0.18304813
2020-04-01,0.165341
2020-04-02,0.16470434
2020-04-03,0.14690265
2020-04-04,0.14690265
2020-04-05,0.14690265
2020-04-06,0.15571753
2020-04-07,0.16024027
2020-04-08,0.13896341
2020-04-09,0.14979381
2020-04-10,0.14796443
2020-04-11,0.14796443
2020-04-12,0.14796443
2020-04-13,0.15562281
2020-04-14,0.15579352
2020-04-15,0.16225379
2020-04-16,0.15844828
2020-04-17,0.15292383
2020-04-18,0.15292383
2020-04-19,0.15292383
2020-04-20,0.1573221
2020-04-21,0.16484053
2020-04-22,0.16142388
2020-04-23,0.15773865
2020-04-24,0.16084906000000002
2020-04-25,0.16084906000000002
2020-04-26,0.16084906000000002
2020-04-27,0.15955939
2020-04-28,0.15821355
2020-04-29,0.15005587
2020-04-30,0.1496558
2020-05-01,0.1507771
2020-05-02,0.1507771
2020-05-03,0.1507771
2020-05-04,0.14651831
2020-05-05,0.14397116000000001
2020-05-06,0.14341051
2020-05-07,0.14143945
2020-05-08,0.13438331
2020-05-09,0.13438331
2020-05-10,0.13438331
2020-05-11,0.14217717
2020-05-12,0.13349525
2020-05-13,0.13358164
2020-05-14,0.13018537
2020-05-15,0.13439086
2020-05-16,0.13439086
2020-05-17,0.13439086
2020-05-18,0.13460497
2020-05-19,0.14123707
2020-05-20,0.13721526
2020-05-21,0.14205047
2020-05-22,0.11976679999999999
2020-05-23,0.11976679999999999
2020-05-24,0.11976679999999999
2020-05-25,0.11976679999999999
2020-05-26,0.12910448
2020-05-27,0.12521577
2020-05-28,0.12230159
2020-05-29,0.11587911000000001
2020-05-30,0.11587911000000001
2020-05-31,0.11587911000000001
2020-06-01,0.11441738
2020-06-02,0.11856375000000001
2020-06-03,0.11071173000000001
2020-06-04,0.10984079000000001
2020-06-05,0.10009766
2020-06-06,0.10009766
2020-06-07,0.10009766
2020-06-08,0.09491969
2020-06-09,0.09024
2020-06-10,0.09373538000000001
2020-06-11,0.09970137
2020-06-12,0.09652337
2020-06-13,0.09652337
2020-06-14,0.09652337
2020-06-15,0.10237058
2020-06-16,0.09577471
2020-06-17,0.10694903
2020-06-18,0.09588517
2020-06-19,0.09944915
2020-06-20,0.09944915
2020-06-21,0.09944915
2020-06-22,0.10165618
2020-06-23,0.09843137
2020-06-24,0.09961947
2020-06-25,0.09769657
2020-06-26,0.09885956
2020-06-27,0.09885956
2020-06-28,0.09885956
2020-06-29,0.09209149999999999
2020-06-30,0.0859474
2020-07-01,0.09544314
2020-07-02,0.08475884
2020-07-03,0.08544983
2020-07-04,0.08544983
2020-07-05,0.08544983
2020-07-06,0.08008557
2020-07-07,0.08549032000000001
2020-07-08,0.08704472
2020-07-09,0.08781803
2020-07-10,0.08606692
2020-07-11,0.08606692
2020-07-12,0.08606692
2020-07-13,0.08868658
2020-07-14,0.09047522
2020-07-15,0.10128646000000001
2020-07-16,0.09178521
2020-07-17,0.09437057
2020-07-18,0.09437057
2020-07-19,0.09437057
2020-07-20,0.09831941
2020-07-21,0.1009378
2020-07-22,0.10012119
2020-07-23,0.10238909
2020-07-24,0.09895849999999999
2020-07-25,0.09895849999999999
2020-07-26,0.09895849999999999
2020-07-27,0.10854789000000001
2020-07-28,0.09999335000000001
2020-07-29,0.10817739999999999
2020-07-30,0.11402681
2020-07-31,0.11609135
2020-08-01,0.11609135
2020-08-02,0.11609135
2020-08-03,0.10658257
2020-08-04,0.11015319
2020-08-05,0.10576763
2020-08-06,0.10781525
2020-08-07,0.1021198
2020-08-08,0.1021198
2020-08-09,0.1021198
2020-08-10,0.10780479
2020-08-11,0.10503608
2020-08-12,0.10810316
2020-08-13,0.1055221
2020-08-14,0.09995923
2020-08-15,0.09995923
2020-08-16,0.09995923
2020-08-17,0.10326092
2020-08-18,0.11012492
2020-08-19,0.10902007
2020-08-20,0.11100275
2020-08-21,0.10814423000000001
2020-08-22,0.10814423000000001
2020-08-23,0.10814423000000001
2020-08-24,0.11137274
2020-08-25,0.10365067
2020-08-26,0.10437685000000001
2020-08-27,0.10112292
2020-08-28,0.09799137000000001
2020-08-29,0.09799137000000001
2020-08-30,0.09799137000000001
2020-08-31,0.10968453
2020-09-01,0.10148306
2020-09-02,0.10283679
2020-09-03,0.10144437
2020-09-04,0.10073546
2020-09-05,0.10073546
2020-09-06,0.10073546
2020-09-07,0.10073546
2020-09-08,0.10178114
2020-09-09,0.09877404000000001
2020-09-10,0.09783177
2020-09-11,0.09769779
2020-09-12,0.09769779
2020-09-13,0.09769779
2020-09-14,0.10202669
2020-09-15,0.10142132
2020-09-16,0.10339533000000001
2020-09-17,0.10201703000000001
2020-09-18,0.10530646
2020-09-19,0.10530646
2020-09-20,0.10530646
2020-09-21,0.10933269
2020-09-22,0.10983639
2020-09-23,0.11048779
2020-09-24,0.11372347000000001
2020-09-25,0.10365979
2020-09-26,0.10365979
2020-09-27,0.10365979
2020-09-28,0.11060216
2020-09-29,0.10296113
2020-09-30,0.10814059999999999
2020-10-01,0.0964656
2020-10-02,0.09619863000000001
2020-10-03,0.09619863000000001
2020-10-04,0.09619863000000001
2020-10-05,0.10415031
2020-10-06,0.10273015
2020-10-07,0.10059571
2020-10-08,0.0933527
2020-10-09,0.09056355
2020-10-10,0.09056355
2020-10-11,0.09056355
2020-10-12,0.09056355
2020-10-13,0.09127858
2020-10-14,0.08786456000000001
2020-10-15,0.08751289
2020-10-16,0.09194544
2020-10-17,0.09194544
2020-10-18,0.09194544
2020-10-19,0.09132439
2020-10-20,0.09280949000000001
2020-10-21,0.09146711
2020-10-22,0.08565671
2020-10-23,0.08273211
2020-10-24,0.08273211
2020-10-25,0.08273211
2020-10-26,0.07996827000000001
2020-10-27,0.08282887
2020-10-28,0.07937439
2020-10-29,0.08144662
2020-10-30,0.08342377000000001
2020-10-31,0.08342377000000001
2020-11-01,0.08342377000000001
2020-11-02,0.08538417
2020-11-03,0.07837758
2020-11-04,0.07936739999999999
2020-11-05,0.07822165
2020-11-06,0.07970412
2020-11-07,0.07970412
2020-11-08,0.07970412
2020-11-09,0.07628
2020-11-10,0.07961092
2020-11-11,0.07961092
2020-11-12,0.07596131
2020-11-13,0.07731264
2020-11-14,0.07731264
2020-11-15,0.07731264
2020-11-16,0.07886844
2020-11-17,0.07749068
2020-11-18,0.07632918
2020-11-19,0.07746573
2020-11-20,0.08206582
2020-11-21,0.08206582
2020-11-22,0.08206582
2020-11-23,0.07781106
2020-11-24,0.0771862
2020-11-25,0.07692095
2020-11-26,0.07692095
2020-11-27,0.07870866
2020-11-28,0.07870866
2020-11-29,0.07870866
2020-11-30,0.07837652
2020-12-01,0.0769506
2020-12-02,0.07398627
2020-12-03,0.07242161
2020-12-04,0.07413775
2020-12-05,0.07413775
2020-12-06,0.07413775
2020-12-07,0.07816503
2020-12-08,0.07580262
2020-12-09,0.07565321
2020-12-10,0.07551321
2020-12-11,0.07672967
2020-12-12,0.07672967
2020-12-13,0.07672967
2020-12-14,0.08074866
2020-12-15,0.08340652
2020-12-16,0.08223944
2020-12-17,0.08308023
2020-12-18,0.0942953
2020-12-19,0.0942953
2020-12-20,0.0942953
2020-12-21,0.09346503
2020-12-22,0.08571632
2020-12-23,0.08036402000000001
2020-12-24,0.08498811
2020-12-25,0.08498811
2020-12-26,0.08498811
2020-12-27,0.08498811
2020-12-28,0.08905428
2020-12-29,0.0762347
2020-12-30,0.08950228
2020-12-31,0.10128276
2021-01-01,0.10128276
2021-01-02,0.10128276
2021-01-03,0.10128276
2021-01-04,0.07255639
2021-01-05,0.08700794
2021-01-06,0.08300897
2021-01-07,0.08707395
2021-01-08,0.08762821
2021-01-09,0.08762821
2021-01-10,0.08762821
2021-01-11,0.08326371
2021-01-12,0.08657382
2021-01-13,0.08159794000000001
2021-01-14,0.08146315
2021-01-15,0.07929986
2021-01-16,0.07929986
2021-01-17,0.07929986
2021-01-18,0.07929986
2021-01-19,0.08298179
2021-01-20,0.08829503
2021-01-21,0.08506871
2021-01-22,0.08234643
2021-01-23,0.08234643
2021-01-24,0.08234643
2021-01-25,0.08438713
2021-01-26,0.07537971
2021-01-27,0.08238968
2021-01-28,0.0832511
2021-01-29,0.07522124
2021-01-30,0.07522124
2021-01-31,0.07522124
2021-02-01,0.07077135
2021-02-02,0.08268095
2021-02-03,0.0843386
2021-02-04,0.08754164
2021-02-05,0.08663345
2021-02-06,0.08663345
2021-02-07,0.08663345
2021-02-08,0.08971599
2021-02-09,0.08993109
2021-02-10,0.09078067000000001
2021-02-11,0.09406653
2021-02-12,0.09305556
2021-02-13,0.09305556
2021-02-14,0.09305556
2021-02-15,0.09305556
2021-02-16,0.09404762
2021-02-17,0.0924028
2021-02-18,0.08865586
2021-02-19,0.09042846
2021-02-20,0.09042846
2021-02-21,0.09042846
2021-02-22,0.09370521
2021-02-23,0.09513966
2021-02-24,0.09773381
2021-02-25,0.09471993000000001
2021-02-26,0.10262829
2021-02-27,0.10262829
2021-02-28,0.10262829
2021-03-01,0.09065878000000001
2021-03-02,0.09857664000000001
2021-03-03,0.09477461
2021-03-04,0.09116402
2021-03-05,0.08884817
2021-03-06,0.08884817
2021-03-07,0.08884817
2021-03-08,0.09120567
2021-03-09,0.08651265
2021-03-10,0.09250507000000001
2021-03-11,0.0939851
2021-03-12,0.08819018
2021-03-13,0.08819018
2021-03-14,.
2021-03-15,0.08602739999999999
2021-03-16,0.08116505
2021-03-17,0.0880402
2021-03-18,0.0903937
2021-03-19,0.08507614000000001
2021-03-20,0.08507614000000001
2021-03-21,0.08507614000000001
2021-03-22,0.08831967
2021-03-23,0.08947286
2021-03-24,0.08802366
2021-03-25,0.08744186
2021-03-26,0.07464684
2021-03-27,0.07464684
2021-03-28,0.07464684
2021-03-29,0.08170819
2021-03-30,0.09204000000000001
2021-03-31,0.0982243
2021-04-01,0.09229075
2021-04-02,0.08570248
2021-04-03,0.08570248
2021-04-04,0.08570248
2021-04-05,0.09806129999999999
2021-04-06,0.09583277
2021-04-07,0.0850655
2021-04-08,0.09664051
2021-04-09,0.09108911
2021-04-10,0.09108911
2021-04-11,0.09108911
2021-04-12,0.09263415
2021-04-13,0.08774059000000001
2021-04-14,0.08877119
2021-04-15,0.08892116
2021-04-16,0.08654321
2021-04-17,0.08654321
2021-04-18,0.08654321
2021-04-19,0.09710204
2021-04-20,0.09655738
2021-04-21,0.10358472
2021-04-22,0.09508065
2021-04-23,0.08988543
2021-04-24,0.08988543
2021-04-25,0.08988543
2021-04-26,0.08669428
2021-04-27,0.08565957
2021-04-28,0.08934783
2021-04-29,0.08955357
2021-04-30,0.09615385
2021-05-01,0.09615385
2021-05-02,0.09615385
2021-05-03,0.10139276
2021-05-04,0.09351444
2021-05-05,0.0883376
2021-05-06,0.08883333
2021-05-07,0.0895858
2021-05-08,0.0895858
2021-05-09,0.0895858
2021-05-10,0.09416667000000001
2021-05-11,0.08850000000000001
2021-05-12,0.09089109000000001
2021-05-13,0.0886747
2021-05-14,0.08337017000000001
2021-05-15,0.08337017000000001
2021-05-16,0.08337017000000001
2021-05-17,0.08735955000000001
2021-05-18,0.08784065
2021-05-19,0.09808473000000001
2021-05-20,0.09723577
2021-05-21,0.09692308000000001
2021-05-22,0.09692308000000001
2021-05-23,0.09692308000000001
2021-05-24,0.09696507
2021-05-25,0.10141844
2021-05-26,0.10961039
2021-05-27,0.10514107
2021-05-28,0.11399293
2021-05-29,0.11399293
2021-05-30,0.11399293
2021-05-31,0.11399293
2021-06-01,0.11531197
2021-06-02,0.09812274
2021-06-03,0.09915194000000001
2021-06-04,0.09687023
2021-06-05,0.09687023
2021-06-06,0.09687023
2021-06-07,0.08868906
2021-06-08,0.08986301000000001
2021-06-09,0.08794872000000001
2021-06-10,0.08961326
2021-06-11,0.09179487
2021-06-12,0.09179487
2021-06-13,0.09179487
2021-06-14,0.09579487
2021-06-15,0.09113772
2021-06-16,0.09213483
2021-06-17,0.12035461
2021-06-18,0.11414286
2021-06-19,0.11414286
2021-06-20,0.11414286
2021-06-21,0.10766917000000001
2021-06-22,0.11820449000000001
2021-06-23,0.12511287000000001
2021-06-24,0.12550832
2021-06-25,0.10257576
2021-06-26,0.10257576
2021-06-27,0.10257576
2021-06-28,0.11394904
2021-06-29,0.11208333000000001
2021-06-30,0.12569061
2021-07-01,0.10770186
2021-07-02,0.11678571
2021-07-03,0.11678571
2021-07-04,0.11678571
2021-07-05,0.11678571
2021-07-06,0.10936709
2021-07-07,0.1152381
2021-07-08,0.1125
2021-07-09,0.10939189
2021-07-10,0.10939189
2021-07-11,0.10939189
2021-07-12,0.10878378
2021-07-13,0.11333333
2021-07-14,0.11531943
2021-07-15,0.11321429000000001
2021-07-16,0.11111111
2021-07-17,0.11111111
2021-07-18,0.11111111
2021-07-19,0.10932927
2021-07-20,0.11276249
2021-07-21,0.12015954000000001
2021-07-22,0.11661017
2021-07-23,0.09798077000000001
2021-07-24,0.09798077000000001
2021-07-25,0.09798077000000001
2021-07-26,0.11494071
2021-07-27,0.10380165
2021-07-28,0.10607514
2021-07-29,0.09919532
2021-07-30,0.09664733
2021-07-31,0.09664733
2021-08-01,0.09664733
2021-08-02,0.09780488
2021-08-03,0.09440594000000001
2021-08-04,0.10512108
2021-08-05,0.11272321
2021-08-06,0.10477157000000001
2021-08-07,0.10477157000000001
2021-08-08,0.10477157000000001
2021-08-09,0.10353591000000001
2021-08-10,0.10293785
2021-08-11,0.1048366
2021-08-12,0.11227912
2021-08-13,0.10184056
2021-08-14,0.10184056
2021-08-15,0.10184056
2021-08-16,0.10992779999999999
2021-08-17,0.10683871
2021-08-18,0.10462585
2021-08-19,0.11283019
2021-08-20,0.0971
2021-08-21,0.0971
2021-08-22,0.0971
2021-08-23,0.11168000000000002
2021-08-24,0.08972000000000001
2021-08-25,0.09227
2021-08-26,0.09905000000000001
2021-08-27,0.09551000000000001
2021-08-28,0.09551000000000001
2021-08-29,0.09551000000000001
2021-08-30,0.11218000000000002
2021-08-31,0.08411
2021-09-01,0.09287000000000001
2021-09-02,0.09991000000000001
2021-09-03,0.09019
2021-09-04,0.09019
2021-09-05,0.09019
2021-09-06,0.09019
2021-09-07,0.09581
2021-09-08,0.09772
2021-09-09,0.09212000000000001
2021-09-10,0.0844
2021-09-11,0.0844
2021-09-12,0.0844
2021-09-13,0.09293000000000001
2021-09-14,0.09229000000000001
2021-09-15,0.08662
2021-09-16,0.08375
2021-09-17,0.09862000000000001
2021-09-18,0.09862000000000001
2021-09-19,0.09862000000000001
2021-09-20,0.10137
2021-09-21,0.09352
2021-09-22,0.10038000000000001
2021-09-23,0.09954
2021-09-24,0.08683
2021-09-25,0.08683
2021-09-26,0.08683
2021-09-27,0.09908
2021-09-28,0.08767000000000001
2021-09-29,0.10472000000000001
2021-09-30,0.09879
2021-10-01,0.08369
2021-10-02,0.08369
2021-10-03,0.08369
2021-10-04,0.10684
2021-10-05,0.09546
2021-10-06,0.09147000000000001
2021-10-07,0.08329
2021-10-08,0.08077000000000001
2021-10-09,0.08077000000000001
2021-10-10,0.08077000000000001
2021-10-11,0.08077000000000001
2021-10-12,0.08181000000000001
2021-10-13,0.06904
2021-10-14,0.08413000000000001
2021-10-15,0.08887
2021-10-16,0.08887
2021-10-17,0.08887
2021-10-18,0.0911
2021-10-19,0.09058000000000001
2021-10-20,0.13073
2021-10-21,0.12599000000000002
2021-10-22,0.0902
2021-10-23,0.0902
2021-10-24,0.0902
2021-10-25,0.09555000000000001
2021-10-26,0.08929000000000001
2021-10-27,0.12907000000000002
2021-10-28,0.13463
2021-10-29,0.13977
2021-10-30,0.0
2021-10-31,0.0
2021-11-01,0.13258
2021-11-02,0.09956000000000001
2021-11-03,0.0826
2021-11-04,0.09192
2021-11-05,0.10314000000000001
2021-11-06,0.10314000000000001
2021-11-07,0.10314000000000001
2021-11-08,0.09746
2021-11-09,0.08556000000000001
2021-11-10,0.08075
2021-11-11,0.08075
2021-11-12,0.08125
2021-11-13,0.08125
2021-11-14,0.08125
2021-11-15,0.07964
2021-11-16,0.08085
2021-11-17,0.07494
2021-11-18,0.08813000000000001
2021-11-19,0.10397
2021-11-20,0.10397
2021-11-21,0.10397
2021-11-22,0.12752000000000002
2021-11-23,0.1277
2021-11-24,0.13092
2021-11-25,0.13092
2021-11-26,0.13239
2021-11-27,0.13239
2021-11-28,0.13239
2021-11-29,0.13991
2021-11-30,0.13615000000000002
2021-12-01,0.13439
2021-12-02,0.14593
2021-12-03,0.1452
2021-12-04,0.1452
2021-12-05,0.1452
2021-12-06,0.14664000000000002
2021-12-07,0.14417000000000002
2021-12-08,0.14613
2021-12-09,0.14476
2021-12-10,0.14457
2021-12-11,0.0
2021-12-12,0.0
2021-12-13,0.15025000000000002
2021-12-14,0.11797
2021-12-15,0.11266000000000001
2021-12-16,0.10235000000000001
2021-12-17,0.14912
2021-12-18,0.14912
2021-12-19,0.14912
2021-12-20,0.15199000000000001
2021-12-21,0.1499
2021-12-22,0.14867000000000002
2021-12-23,0.14635
2021-12-24,0.14881000000000003
2021-12-25,0.14881000000000003
2021-12-26,0.14881000000000003
2021-12-27,0.15573
2021-12-28,0.14502
2021-12-29,0.13234
2021-12-30,0.11072000000000001
2021-12-31,0.15253
2022-01-01,0.15253
2022-01-02,0.15253
2022-01-03,0.14269
2022-01-04,0.10545
2022-01-05,0.10988
2022-01-06,0.09537000000000001
2022-01-07,0.09395
2022-01-08,0.09395
2022-01-09,0.09395
2022-01-10,0.09284
2022-01-11,0.10342000000000001
2022-01-12,0.09931000000000001
2022-01-13,0.10368000000000001
2022-01-14,0.09775
2022-01-15,0.09775
2022-01-16,0.09775
2022-01-17,0.09775
2022-01-18,0.13726000000000002
2022-01-19,0.14889000000000002
2022-01-20,0.14789000000000002
2022-01-21,0.1409
2022-01-22,0.1409
2022-01-23,0.1409
2022-01-24,0.14011
2022-01-25,0.15267
2022-01-26,0.15099
2022-01-27,0.14717000000000002
2022-01-28,0.12773
2022-01-29,0.12773
2022-01-30,0.12773
2022-01-31,0.11603000000000001
2022-02-01,0.10766
2022-02-02,0.10428000000000001
2022-02-03,0.10537
2022-02-04,0.09874000000000001
2022-02-05,0.09874000000000001
2022-02-06,0.09874000000000001
2022-02-07,0.11803000000000001
2022-02-08,0.11570000000000001
2022-02-09,0.10582000000000001
2022-02-10,0.10646000000000001
2022-02-11,0.10623
2022-02-12,0.10623
2022-02-13,0.10623
2022-02-14,0.11479
2022-02-15,0.12243000000000001
2022-02-16,0.11992000000000001
2022-02-17,0.11343
2022-02-18,0.13424
2022-02-19,0.13424
2022-02-20,0.13424
2022-02-21,0.13424
2022-02-22,0.14552
2022-02-23,0.10765000000000001
2022-02-24,0.11828000000000001
2022-02-25,0.12146000000000001
2022-02-26,0.12146000000000001
2022-02-27,0.12146000000000001
2022-02-28,0.12046000000000001
2022-03-01,0.14107
2022-03-02,0.12151
2022-03-03,0.12261000000000001
2022-03-04,0.11199
2022-03-05,0.11199
2022-03-06,0.11199
2022-03-07,0.11541000000000001
2022-03-08,0.11434000000000001
2022-03-09,0.10522000000000001
2022-03-10,0.09190000000000001
2022-03-11,0.09048
2022-03-12,0.09048
2022-03-13,0.09048
2022-03-14,0.10095000000000001
2022-03-15,0.10453000000000001
2022-03-16,0.11053
2022-03-17,0.36956000000000006
2022-03-18,0.37510000000000004
2022-03-19,0.37510000000000004
2022-03-20,0.37510000000000004
2022-03-21,0.38207
2022-03-22,0.36819
2022-03-23,0.35426
2022-03-24,0.34892
2022-03-25,0.3511
2022-03-26,0.3511
2022-03-27,0.3511
2022-03-28,0.37566000000000005
2022-03-29,0.37289000000000005
2022-03-30,0.36045000000000005
2022-03-31,0.39079
2022-04-01,0.37363
2022-04-02,0.37363
2022-04-03,0.37363
2022-04-04,0.36036
2022-04-05,0.35822000000000004
2022-04-06,0.37427000000000005
2022-04-07,0.35657000000000005
2022-04-08,0.35765
2022-04-09,0.35765
2022-04-10,0.35765
2022-04-11,0.37431000000000003
2022-04-12,0.38504000000000005
2022-04-13,0.36818
2022-04-14,0.37095000000000006
2022-04-15,0.38556
2022-04-16,0.38556
2022-04-17,0.38556
2022-04-18,0.39373
2022-04-19,0.40672
2022-04-20,0.41305000000000003
2022-04-21,0.40802000000000005
2022-04-22,0.42409
2022-04-23,0.42409
2022-04-24,0.42409
2022-04-25,0.41969
2022-04-26,0.41151000000000004
2022-04-27,0.4227
2022-04-28,0.4324
2022-04-29,0.42411000000000004
2022-04-30,0.42411000000000004
2022-05-01,0.42411000000000004
2022-05-02,0.44042000000000003
2022-05-03,0.43444000000000005
2022-05-04,0.43902
2022-05-05,0.92537
2022-05-06,0.9254800000000001
2022-05-07,0.9254800000000001
2022-05-08,0.9254800000000001
2022-05-09,0.92817
2022-05-10,0.9240600000000001
2022-05-11,0.9186200000000001
2022-05-12,0.9273600000000001
2022-05-13,0.9249900000000001
2022-05-14,0.9249900000000001
2022-05-15,0.9249900000000001
2022-05-16,0.9263600000000001
2022-05-17,0.9276300000000001
2022-05-18,0.94276
2022-05-19,0.9391
2022-05-20,0.93083
2022-05-21,0.93083
2022-05-22,0.93083
2022-05-23,0.9365
2022-05-24,0.9364600000000001
2022-05-25,0.93476
2022-05-26,0.931
2022-05-27,0.93198
2022-05-28,0.93198
2022-05-29,0.93198
2022-05-30,0.93198
2022-05-31,0.9234200000000001
2022-06-01,0.91483
2022-06-02,0.91361
2022-06-03,0.9184500000000001
2022-06-04,0.9184500000000001
2022-06-05,0.9184500000000001
2022-06-06,0.9266400000000001
2022-06-07,0.9215200000000001
2022-06-08,0.9265100000000001
2022-06-09,0.9156200000000001
2022-06-10,0.9149600000000001
2022-06-11,0.9149600000000001
2022-06-12,0.9149600000000001
2022-06-13,0.9209700000000001
2022-06-14,0.9341300000000001
2022-06-15,0.9427900000000001
2022-06-16,1.68314
2022-06-17,1.69596
2022-06-18,.
2022-06-19,.
2022-06-20,1.69596
2022-06-21,1.7049
2022-06-22,1.71283
2022-06-23,1.70731
2022-06-24,1.70099
2022-06-25,1.70099
2022-06-26,1.70099
2022-06-27,1.7033200000000002
2022-06-28,1.70632
2022-06-29,1.71262
2022-06-30,1.71245
2022-07-01,1.7044300000000001
2022-07-02,1.7044300000000001
2022-07-03,1.7044300000000001
2022-07-04,1.7044300000000001
2022-07-05,1.71524
2022-07-06,1.7047400000000001
2022-07-07,1.71036
2022-07-08,1.70062
2022-07-09,1.70062
2022-07-10,1.70062
2022-07-11,1.70863
2022-07-12,1.7065800000000002
2022-07-13,1.7038700000000002
2022-07-14,1.7124100000000002
2022-07-15,1.71167
2022-07-16,1.71167
2022-07-17,1.71167
2022-07-18,1.71822
2022-07-19,1.71395
2022-07-20,1.7168
2022-07-21,1.71854
2022-07-22,1.722
2022-07-23,1.722
2022-07-24,1.722
2022-07-25,1.72139
2022-07-26,1.72642
2022-07-27,1.73691
2022-07-28,2.4784800000000002
2022-07-29,2.46123
2022-07-30,2.46123
2022-07-31,2.46123
2022-08-01,2.46104
2022-08-02,2.4634
2022-08-03,2.46349
2022-08-04,2.45754
2022-08-05,2.45905
2022-08-06,2.45905
2022-08-07,2.45905
2022-08-08,2.45364
2022-08-09,2.45323
2022-08-10,2.44982
2022-08-11,2.4511600000000002
2022-08-12,2.45098
2022-08-13,2.45098
2022-08-14,2.45098
2022-08-15,2.44889
2022-08-16,2.45176
2022-08-17,2.45189
2022-08-18,2.45237
2022-08-19,2.44968
2022-08-20,2.44968
2022-08-21,2.44968
2022-08-22,2.4502800000000002
2022-08-23,2.45119
2022-08-24,2.45359
2022-08-25,2.45623
2022-08-26,2.45149
2022-08-27,2.45149
2022-08-28,2.45149
2022-08-29,2.4539
2022-08-30,2.4561
2022-08-31,2.45938
2022-09-01,2.45342
2022-09-02,2.45117
2022-09-03,2.45117
2022-09-04,2.45117
2022-09-05,2.45117
2022-09-06,2.45587
2022-09-07,2.4528600000000003
2022-09-08,2.45297
2022-09-09,2.45185
2022-09-10,2.45185
2022-09-11,2.45185
2022-09-12,2.44944
2022-09-13,2.44886
2022-09-14,2.44714
2022-09-15,2.45144
2022-09-16,2.4490600000000002
2022-09-17,2.4490600000000002
2022-09-18,2.4490600000000002
2022-09-19,2.45934
2022-09-20,2.47149
2022-09-21,2.48902
2022-09-22,3.23112
2022-09-23,3.23855
2022-09-24,3.23855
2022-09-25,3.23855
2022-09-26,3.23256
2022-09-27,3.2330200000000002
2022-09-28,3.23204
2022-09-29,3.23471
2022-09-30,3.22436
2022-10-01,3.22436
2022-10-02,3.22436
2022-10-03,3.22907
2022-10-04,3.22463
2022-10-05,3.22864
2022-10-06,3.23046
2022-10-07,3.23089
2022-10-08,3.23089
2022-10-09,3.23089
2022-10-10,3.23089
2022-10-11,3.22547
2022-10-12,3.2314
2022-10-13,3.22828
2022-10-14,3.22445
2022-10-15,3.22445
2022-10-16,3.22445
2022-10-17,3.23554
2022-10-18,3.23156
2022-10-19,3.24086
2022-10-20,3.2455
2022-10-21,3.25387
2022-10-22,3.25387
2022-10-23,3.25387
2022-10-24,3.26129
2022-10-25,3.2652200000000002
2022-10-26,3.28265
2022-10-27,3.29389
2022-10-28,3.32129
2022-10-29,3.32129
2022-10-30,3.32129
2022-10-31,3.33255
2022-11-01,3.34396
2022-11-02,3.34287
2022-11-03,4.03418
2022-11-04,3.99145
2022-11-05,3.99145
2022-11-06,3.99145
2022-11-07,3.98912
2022-11-08,3.98571
2022-11-09,3.98135
2022-11-10,3.97793
2022-11-11,3.97793
2022-11-12,3.97793
2022-11-13,3.97793
2022-11-14,3.99581
2022-11-15,3.99961
2022-11-16,3.9904900000000003
2022-11-17,3.99198
2022-11-18,4.03863
2022-11-19,4.03863
2022-11-20,4.03863
2022-11-21,4.03317
2022-11-22,4.0077
2022-11-23,4.03186
2022-11-24,4.03186
2022-11-25,4.03367
2022-11-26,4.03367
2022-11-27,4.03367
2022-11-28,4.03149
2022-11-29,4.04775
2022-11-30,4.05083
2022-12-01,4.02529
2022-12-02,4.02417
2022-12-03,4.02417
2022-12-04,4.02417
2022-12-05,4.01434
2022-12-06,4.01768
2022-12-07,4.02514
2022-12-08,4.02257
2022-12-09,4.02563
2022-12-10,4.02563
2022-12-11,4.02563
2022-12-12,4.03404
2022-12-13,4.04693
2022-12-14,4.05531
2022-12-15,4.5397
2022-12-16,4.52101
2022-12-17,4.52101
2022-12-18,4.52101
2022-12-19,4.53807
2022-12-20,4.5464400000000005
2022-12-21,4.56677
2022-12-22,4.57563
2022-12-23,4.5928
2022-12-24,4.5928
2022-12-25,4.5928
2022-12-26,4.5928
2022-12-27,4.60545
2022-12-28,4.61024
2022-12-29,4.62534
2022-12-30,4.63516
2022-12-31,4.63516
2023-01-01,4.63516
2023-01-02,4.63516
2023-01-03,4.65204
2023-01-04,4.62778
2023-01-05,4.60893
2023-01-06,4.61257
2023-01-07,4.61257
2023-01-08,4.61257
2023-01-09,4.6058900000000005
2023-01-10,4.61644
2023-01-11,4.61171
2023-01-12,4.61506
2023-01-13,4.60648
2023-01-14,4.60648
2023-01-15,4.60648
2023-01-16,4.60648
2023-01-17,4.6183
2023-01-18,4.6168
2023-01-19,4.61651
2023-01-20,4.61689
2023-01-21,4.61689
2023-01-22,4.61689
2023-01-23,4.62572
2023-01-24,4.626
2023-01-25,4.6262
2023-01-26,4.6302
2023-01-27,4.6277
2023-01-28,4.6277
2023-01-29,4.6277
2023-01-30,4.62706
2023-01-31,4.63224
2023-02-01,4.62986
2023-02-02,4.88862
2023-02-03,4.88828
2023-02-04,4.88828
2023-02-05,4.88828
2023-02-06,4.8816
2023-02-07,4.8754
2023-02-08,4.87514
2023-02-09,4.87126
2023-02-10,4.85633
2023-02-11,4.85633
2023-02-12,4.85633
2023-02-13,4.85618
2023-02-14,4.85707
2023-02-15,4.85522
2023-02-16,4.87262
2023-02-17,4.85766
2023-02-18,4.85766
2023-02-19,4.85766
2023-02-20,4.85766
2023-02-21,4.87352
2023-02-22,4.86279
2023-02-23,4.8641000000000005
2023-02-24,4.86937
2023-02-25,4.86937
2023-02-26,4.86937
2023-02-27,4.86435
2023-02-28,4.8681
2023-03-01,4.86584
2023-03-02,4.86073
2023-03-03,4.8520900000000005
2023-03-04,4.8520900000000005
2023-03-05,4.8520900000000005
2023-03-06,4.85337
2023-03-07,4.85155
2023-03-08,4.85968
2023-03-09,4.85258
2023-03-10,4.85326
2023-03-11,4.85326
2023-03-12,4.85326
2023-03-13,4.9
2023-03-14,4.90732
2023-03-15,4.91406
2023-03-16,4.91163
2023-03-17,4.92225
2023-03-18,4.92225
2023-03-19,4.92225
2023-03-20,4.9096400000000004
2023-03-21,4.91457
2023-03-22,4.91114
2023-03-23,5.1697
2023-03-24,5.2
2023-03-25,5.2
2023-03-26,5.2
2023-03-27,5.12174
2023-03-28,5.12182
2023-03-29,5.10422
2023-03-30,5.14299
2023-03-31,5.14595
2023-04-01,5.14595
2023-04-02,5.14595
2023-04-03,5.15
2023-04-04,5.14789
2023-04-05,5.15
2023-04-06,5.08672
2023-04-07,5.08373
2023-04-08,5.08373
2023-04-09,5.08373
2023-04-10,5.07308
2023-04-11,5.06987
2023-04-12,5.05132
2023-04-13,5.04176
2023-04-14,5.05328
2023-04-15,5.05328
2023-04-16,5.05328
2023-04-17,5.07322
2023-04-18,5.15
2023-04-19,5.0493500000000004
2023-04-20,5.12167
2023-04-21,5.13941
2023-04-22,5.13941
2023-04-23,5.13941
2023-04-24,5.14474
2023-04-25,5.15
2023-04-26,5.12165
2023-04-27,5.09417
2023-04-28,5.09903
2023-04-29,5.09903
2023-04-30,5.09903
2023-05-01,5.1096
2023-05-02,5.13614
2023-05-03,5.15
2023-05-04,5.39225
2023-05-05,5.31667
2023-05-06,5.31667
2023-05-07,5.31667
2023-05-08,5.30371
2023-05-09,5.30081
2023-05-10,5.27653
2023-05-11,5.28229
2023-05-12,5.27308
2023-05-13,5.27308
2023-05-14,5.27308
2023-05-15,5.31368
2023-05-16,5.35
2023-05-17,5.30263
2023-05-18,5.29255
2023-05-19,5.26096
2023-05-20,5.26096
2023-05-21,5.26096
2023-05-22,5.28086
2023-05-23,5.28292
2023-05-24,5.24259
2023-05-25,5.28088
2023-05-26,5.24063
2023-05-27,5.24063
2023-05-28,5.24063
2023-05-29,5.24063
2023-05-30,5.23324
2023-05-31,5.2298
2023-06-01,5.26738
2023-06-02,5.26909
2023-06-03,5.26909
2023-06-04,5.26909
2023-06-05,5.27263
2023-06-06,5.25897
2023-06-07,5.26316
2023-06-08,5.26832
2023-06-09,5.25905
2023-06-10,5.25905
2023-06-11,5.25905
2023-06-12,5.26719
2023-06-13,5.27875
2023-06-14,5.27204
2023-06-15,5.2701
2023-06-16,5.26231
2023-06-17,5.26231
2023-06-18,5.26231
2023-06-19,5.26231
2023-06-20,5.28947
2023-06-21,5.27079
2023-06-22,5.26287
2023-06-23,5.27985
2023-06-24,5.27985
2023-06-25,5.27985
2023-06-26,5.28631
2023-06-27,5.2842400000000005
2023-06-28,5.25714
2023-06-29,5.28038
2023-06-30,5.26846
2023-07-01,5.26846
2023-07-02,5.26846
2023-07-03,5.25883
2023-07-04,5.25883
2023-07-05,5.24877
2023-07-06,5.26296
2023-07-07,5.25928
2023-07-08,5.25928
2023-07-09,5.25928
2023-07-10,5.26212
2023-07-11,5.26856
2023-07-12,5.26278
2023-07-13,5.26508
2023-07-14,5.26395
2023-07-15,5.26395
2023-07-16,5.26395
2023-07-17,5.28646
2023-07-18,5.2831
2023-07-19,5.27178
2023-07-20,5.27849
2023-07-21,5.26326
2023-07-22,5.26326
2023-07-23,5.26326
2023-07-24,5.27335
2023-07-25,5.26995
2023-07-26,5.26488
2023-07-27,5.52466
2023-07-28,5.50853
2023-07-29,5.50853
2023-07-30,5.50853
2023-07-31,5.52172
2023-08-01,5.50198
2023-08-02,5.50883
2023-08-03,5.53533
2023-08-04,5.52107
2023-08-05,5.52107
2023-08-06,5.52107
2023-08-07,5.54122
2023-08-08,5.5082
2023-08-09,5.51168
2023-08-10,5.51019
2023-08-11,5.46201
2023-08-12,5.46201
2023-08-13,5.46201
2023-08-14,5.49533
2023-08-15,5.46236
2023-08-16,5.4527
2023-08-17,5.48039
2023-08-18,5.4768
2023-08-19,5.4768
2023-08-20,5.4768
2023-08-21,5.48173
2023-08-22,5.46644
2023-08-23,5.45156
2023-08-24,5.4868
2023-08-25,5.48189
2023-08-26,5.48189
2023-08-27,5.48189
2023-08-28,5.5033
2023-08-29,5.48823
2023-08-30,5.46831
2023-08-31,5.47968
2023-09-01,5.44715
2023-09-02,5.44715
2023-09-03,5.44715
2023-09-04,5.44715
2023-09-05,5.44838
2023-09-06,5.44099
2023-09-07,5.47049
2023-09-08,5.44201
2023-09-09,5.44201
2023-09-10,5.44201
2023-09-11,5.45845
2023-09-12,5.47475
2023-09-13,5.47456
2023-09-14,5.4939
2023-09-15,5.48798
2023-09-16,5.48798
2023-09-17,5.48798
2023-09-18,5.50091
2023-09-19,5.51098
2023-09-20,5.48672
2023-09-21,5.52178
2023-09-22,5.51339
2023-09-23,5.51339
2023-09-24,5.51339
2023-09-25,5.52945
2023-09-26,5.52364
2023-09-27,5.50748
2023-09-28,5.49542
2023-09-29,5.52738
2023-09-30,5.52738
2023-10-01,5.52738
2023-10-02,5.48104
2023-10-03,5.48738
2023-10-04,5.4913
2023-10-05,5.49868
2023-10-06,5.50475
2023-10-07,5.50475
2023-10-08,5.50475
2023-10-09,5.50475
2023-10-10,5.50035
2023-10-11,5.50034
2023-10-12,5.48073
2023-10-13,5.46242
2023-10-14,5.46242
2023-10-15,5.46242
2023-10-16,5.49766
2023-10-17,5.49611
2023-10-18,5.49635
2023-10-19,5.50707
2023-10-20,5.48256
2023-10-21,5.48256
2023-10-22,5.48256
2023-10-23,5.49489
2023-10-24,5.5054
2023-10-25,5.48697
2023-10-26,5.48787
2023-10-27,5.50835
2023-10-28,5.50835
2023-10-29,5.50835
2023-10-30,5.48594
2023-10-31,5.48762
2023-11-01,5.4924
2023-11-02,5.51272
2023-11-03,5.47999
2023-11-04,5.47999
2023-11-05,5.47999
2023-11-06,5.4686
2023-11-07,5.4806
2023-11-08,5.47474
2023-11-09,5.47041
2023-11-10,5.44565
2023-11-11,5.44565
2023-11-12,5.44565
2023-11-13,5.48471
2023-11-14,5.48316
2023-11-15,5.46784
2023-11-16,5.47791
2023-11-17,5.46244
2023-11-18,5.46244
2023-11-19,5.46244
2023-11-20,5.4796700000000005
2023-11-21,5.43738
2023-11-22,5.45038
2023-11-23,5.45038
2023-11-24,5.41906
2023-11-25,5.41906
2023-11-26,5.41906
2023-11-27,5.47352
2023-11-28,5.45933
2023-11-29,5.44731
2023-11-30,5.46411
2023-12-01,5.41739
2023-12-02,5.41739
2023-12-03,5.41739
2023-12-04,5.43645
2023-12-05,5.42512
2023-12-06,5.42924
2023-12-07,5.42945
2023-12-08,5.429
2023-12-09,5.429
2023-12-10,5.429
2023-12-11,5.4417100000000005
2023-12-12,5.44427
2023-12-13,5.42844
2023-12-14,5.43108
2023-12-15,5.4255
2023-12-16,5.4255
2023-12-17,5.4255
2023-12-18,5.43264
2023-12-19,5.43732
2023-12-20,5.43034
2023-12-21,5.4375
2023-12-22,5.44493
2023-12-23,5.44493
2023-12-24,5.44493
2023-12-25,5.44493
2023-12-26,5.4509
2023-12-27,5.45669
2023-12-28,5.455
2023-12-29,5.43577
2023-12-30,5.43577
2023-12-31,5.43577
2024-01-01,5.43577
2024-01-02,5.4365
2024-01-03,5.43604
2024-01-04,5.4341
2024-01-05,5.43014
2024-01-06,5.43014
2024-01-07,5.43014
2024-01-08,5.43015
2024-01-09,5.42366
2024-01-10,5.42018
2024-01-11,5.4175
2024-01-12,5.41667
2024-01-13,5.41667
2024-01-14,5.41667
2024-01-15,5.41667
2024-01-16,5.42645
2024-01-17,5.41611
2024-01-18,5.4200800000000005
2024-01-19,5.41892
2024-01-20,5.41892
2024-01-21,5.41892
2024-01-22,5.42474
2024-01-23,5.42108
2024-01-24,5.43636
2024-01-25,5.4382
2024-01-26,5.4334
2024-01-27,5.4334
2024-01-28,5.4334
2024-01-29,5.43371
2024-01-30,5.42456
2024-01-31,5.43372
2024-02-01,5.41858
2024-02-02,5.42485
2024-02-03,5.42485
2024-02-04,5.42485
2024-02-05,5.42333
2024-02-06,5.42824
2024-02-07,5.418480000000001
2024-02-08,5.40552
2024-02-09,5.39807
2024-02-10,5.39807
2024-02-11,5.39807
2024-02-12,5.398569999999999
2024-02-13,5.399290000000001
2024-02-14,5.4054199999999994
2024-02-15,5.41525
2024-02-16,5.4135599999999995
2024-02-17,5.4135599999999995
2024-02-18,5.4135599999999995
2024-02-19,5.4135599999999995
2024-02-20,5.42654
2024-02-21,5.43858
2024-02-22,5.4373
2024-02-23,5.4398
2024-02-24,5.4398
2024-02-25,5.4398
2024-02-26,5.43898
2024-02-27,5.43878
2024-02-28,5.43
2024-02-29,5.44602
2024-03-01,5.42201
2024-03-02,5.42201
2024-03-03,5.42201
2024-03-04,5.42812
2024-03-05,5.42812
2024-03-06,5.43104
2024-03-07,5.43312
2024-03-08,5.40433
2024-03-09,5.40433
2024-03-10,5.40433
2024-03-11,5.42897
2024-03-12,5.41754
2024-03-13,5.4253800000000005
2024-03-14,5.43053
2024-03-15,5.4181099999999995
2024-03-16,5.4181099999999995
2024-03-17,5.4181099999999995
2024-03-18,5.432919999999999
2024-03-19,5.430630000000001
2024-03-20,5.43151
2024-03-21,5.43727
2024-03-22,5.42644
2024-03-23,5.42644
2024-03-24,5.42644
2024-03-25,5.44287
2024-03-26,5.424919999999999
2024-03-27,5.42724
2024-03-28,5.4219800000000005
2024-03-29,5.43649
2024-03-30,5.43649
2024-03-31,5.43649
2024-04-01,5.41254
2024-04-02,5.42036
2024-04-03,5.41657
2024-04-04,5.42822
2024-04-05,5.43761
2024-04-06,5.43761
2024-04-07,5.43761
2024-04-08,5.43527
2024-04-09,5.43157
2024-04-10,5.4313199999999995
2024-04-11,5.43123
2024-04-12,5.41615
2024-04-13,5.41615
2024-04-14,5.41615
2024-04-15,5.434819999999999
2024-04-16,5.43801
2024-04-17,5.4419900000000005
2024-04-18,5.44329
2024-04-19,5.44011
2024-04-20,5.44011
2024-04-21,5.44011
2024-04-22,5.4558800000000005
2024-04-23,5.46066
2024-04-24,5.4618
2024-04-25,5.46201
2024-04-26,5.46068
2024-04-27,5.46068
2024-04-28,5.46068
2024-04-29,5.46471
2024-04-30,5.465380000000001
2024-05-01,5.46575
2024-05-02,5.46148
2024-05-03,5.45924
2024-05-04,5.45924
2024-05-05,5.45924
2024-05-06,5.4585300000000005
2024-05-07,5.45964
2024-05-08,5.46581
2024-05-09,5.45832
2024-05-10,5.45711
2024-05-11,5.45711
2024-05-12,5.45711
2024-05-13,5.4513300000000005
2024-05-14,5.46925
2024-05-15,5.465409999999999
2024-05-16,5.46285
2024-05-17,5.4591
2024-05-18,5.4591
2024-05-19,5.4591
2024-05-20,5.47167
2024-05-21,5.45545
2024-05-22,5.4659
2024-05-23,5.46545
2024-05-24,5.46105
2024-05-25,5.46105
2024-05-26,5.46105
2024-05-27,5.46105
2024-05-28,5.4715300000000004
2024-05-29,5.45869
2024-05-30,5.44986
2024-05-31,5.46192
2024-06-01,5.46192
2024-06-02,5.46192
2024-06-03,5.44592
2024-06-04,5.46034
2024-06-05,5.44299
2024-06-06,5.44311
2024-06-07,5.4343
2024-06-08,5.4343
2024-06-09,5.4343
2024-06-10,5.44298
2024-06-11,5.43954
2024-06-12,5.4320900000000005
2024-06-13,5.45355
2024-06-14,5.44365
2024-06-15,5.44365
2024-06-16,5.44365
2024-06-17,5.44885
2024-06-18,5.4400900000000005
2024-06-19,5.4400900000000005
2024-06-20,5.44986
2024-06-21,5.45255
2024-06-22,5.45255
2024-06-23,5.45255
2024-06-24,5.44525
2024-06-25,5.4391300000000005
2024-06-26,5.43955
2024-06-27,5.44144
2024-06-28,5.4404
2024-06-29,5.4404
2024-06-30,5.4404
2024-07-01,5.4366900000000005
2024-07-02,5.43343
2024-07-03,5.4404699999999995
2024-07-04,5.4404699999999995
2024-07-05,5.432919999999999
2024-07-06,5.432919999999999
2024-07-07,5.432919999999999
2024-07-08,5.44126
2024-07-09,5.43452
2024-07-10,5.43492
2024-07-11,5.43737
2024-07-12,5.43117
2024-07-13,5.43117
2024-07-14,5.43117
2024-07-15,5.436780000000001
2024-07-16,5.4371
2024-07-17,5.43806
2024-07-18,5.42992
2024-07-19,5.43361
2024-07-20,5.43361
2024-07-21,5.43361
2024-07-22,5.4382
2024-07-23,5.4414
2024-07-24,5.45109
2024-07-25,5.45294
2024-07-26,5.450480000000001
2024-07-27,5.450480000000001
2024-07-28,5.450480000000001
2024-07-29,5.4526900000000005
2024-07-30,5.43542
2024-07-31,5.43866
2024-08-01,5.44573
2024-08-02,5.42676
2024-08-03,5.42676
2024-08-04,5.42676
2024-08-05,5.43193
2024-08-06,5.42045
2024-08-07,5.42636
2024-08-08,5.42636
2024-08-09,5.41175
2024-08-10,5.41175
2024-08-11,5.41175
2024-08-12,5.41558
2024-08-13,5.4232
2024-08-14,5.41571
2024-08-15,5.43979
2024-08-16,5.41249
2024-08-17,5.41249
2024-08-18,5.41249
2024-08-19,5.41477
2024-08-20,5.42344
2024-08-21,5.42439
2024-08-22,5.4219800000000005
2024-08-23,5.41544
2024-08-24,5.41544
2024-08-25,5.41544
2024-08-26,5.42068
2024-08-27,5.4283
2024-08-28,5.43727
2024-08-29,5.435
2024-08-30,5.36304
2024-08-31,5.36304
2024-09-01,5.36304
2024-09-02,5.36304
2024-09-03,5.316
2024-09-04,5.40343
2024-09-05,5.41405
2024-09-06,5.4
2024-09-07,5.4
2024-09-08,5.4
2024-09-09,5.4375
2024-09-10,5.41102
2024-09-11,5.43313
2024-09-12,5.43313
2024-09-13,5.423080000000001
2024-09-14,5.423080000000001
2024-09-15,5.423080000000001
2024-09-16,5.428059999999999
2024-09-17,5.43642
2024-09-18,5.43506
2024-09-19,4.94707
2024-09-20,4.95
2024-09-21,4.95
2024-09-22,4.95
2024-09-23,4.937209999999999
2024-09-24,4.92531
2024-09-25,4.93044
2024-09-26,4.9310599999999996
2024-09-27,4.910909999999999
2024-09-28,4.910909999999999
2024-09-29,4.910909999999999
2024-09-30,4.9309400000000005
2024-10-01,4.8863
2024-10-02,4.888669999999999
2024-10-03,4.88542
2024-10-04,4.88586
2024-10-05,4.88586
2024-10-06,4.88586
2024-10-07,4.88826
2024-10-08,4.8895800000000005
2024-10-09,4.88906
2024-10-10,4.89032
2024-10-11,4.8907099999999994
2024-10-12,4.89071
2024-10-13,4.89071
2024-10-14,4.89071
2024-10-15,4.89403
2024-10-16,4.89384
2024-10-17,4.89447
2024-10-18,4.89728
2024-10-19,4.89728
2024-10-20,4.89728
2024-10-21,4.89734
2024-10-22,4.90015
2024-10-23,4.89708
2024-10-24,4.90267
2024-10-25,4.8983
2024-10-26,4.8983
2024-10-27,4.8983
2024-10-28,4.89994
2024-10-29,4.89944
2024-10-30,4.89593
2024-10-31,4.90218
2024-11-01,4.89379
2024-11-02,4.89379
2024-11-03,4.89379
2024-11-04,4.9006
2024-11-05,4.90146
2024-11-06,4.89997
2024-11-07,4.9013
2024-11-08,4.67919
2024-11-09,4.67919
2024-11-10,4.67919
2024-11-11,4.67919
2024-11-12,4.66
2024-11-13,4.66199
2024-11-14,4.65754
